{
  "produced": 0,
  "consumed": 0,
  "queue_max": 4000,
  "start_ts": 1755032770.0649283,
  "last_rate": 710.9116019586253
}